"id","site","job_url","job_url_direct","title","company","location","job_type","date_posted","interval","min_amount","max_amount","currency","is_remote","job_function","emails","description","company_url","company_url_direct","company_addresses","company_industry","company_num_employees","company_revenue","company_description","logo_photo_url","banner_photo_url","ceo_name","ceo_photo_url"
"3963814487","linkedin","https://www.linkedin.com/jobs/view/3963814487","","Junior Node.JS Developer","HireMeFast LLC","New York, NY","","2024-06-30","","","","","","","","","https://www.linkedin.com/company/hiremefast-llc-us","","","","","","","","","",""
"3963817307","linkedin","https://www.linkedin.com/jobs/view/3963817307","","Junior Full Stack Developer React/Python","HireMeFast LLC","Yonkers, NY","","2024-06-30","","","","","","","","","https://www.linkedin.com/company/hiremefast-llc-us","","","","","","","","","",""
"3964140536","linkedin","https://www.linkedin.com/jobs/view/3964140536","","Backend Engineer","Pietra","Manhattan, NY","","2024-06-30","","","","","","","","","https://www.linkedin.com/company/pietra-marketplace","","","","","","","","","",""
"3944138720","linkedin","https://www.linkedin.com/jobs/view/3944138720","","Software Engineer, Enterprise","Notion","New York, NY","","2024-06-29","","","","","","","","","https://www.linkedin.com/company/notionhq","","","","","","","","","",""
"3929277010","linkedin","https://www.linkedin.com/jobs/view/3929277010","","Software Engineer - Frontend, Generative AI","Scale AI","","","2024-06-29","","","","","","","","","https://www.linkedin.com/company/scaleai","","","","","","","","","",""
"3928709036","linkedin","https://www.linkedin.com/jobs/view/3928709036","","Software Engineer, Foundations","Tecton","New York, NY","","2024-06-29","","","","","","","","","https://www.linkedin.com/company/tectonai","","","","","","","","","",""
"3964194982","linkedin","https://www.linkedin.com/jobs/view/3964194982","","Junior Node.JS Developer","Team Remotely Inc","New York, NY","","","","","","","","","","","https://www.linkedin.com/company/team-remotely-llc","","","","","","","","","",""
"3964194990","linkedin","https://www.linkedin.com/jobs/view/3964194990","","Junior Full Stack Developer React/Python","Team Remotely Inc","New York, NY","","","","","","","","","","","https://www.linkedin.com/company/team-remotely-llc","","","","","","","","","",""
"3964830628","linkedin","https://www.linkedin.com/jobs/view/3964830628","","Software Engineer","Peloton Interactive","New York, NY","","","","","","","","","","","https://www.linkedin.com/company/peloton-interactive-","","","","","","","","","",""
"3964707103","linkedin","https://www.linkedin.com/jobs/view/3964707103","","Software Engineer","Traba","New York, NY","","","","","","","","","","","https://www.linkedin.com/company/traba-work","","","","","","","","","",""
"3964197793","linkedin","https://www.linkedin.com/jobs/view/3964197793","","Junior Backend Engineer","Team Remotely Inc","New York, NY","","","","","","","","","","","https://www.linkedin.com/company/team-remotely-llc","","","","","","","","","",""
"3961933173","linkedin","https://www.linkedin.com/jobs/view/3961933173","","Software Engineer","iHeartMedia","New York, NY","","","","","","","","","","","https://www.linkedin.com/company/iheartmedia","","","","","","","","","",""
"3962792610","linkedin","https://www.linkedin.com/jobs/view/3962792610","","Software Engineer, New Grad","Palantir Technologies","New York, NY","","","","","","","","","","","https://www.linkedin.com/company/palantir-technologies","","","","","","","","","",""
"3940377631","linkedin","https://www.linkedin.com/jobs/view/3940377631","","Associate, Software Engineer","Publicis Media","New York, NY","","","","","","","","","","","https://uk.linkedin.com/company/publicismedia","","","","","","","","","",""
"3962791768","linkedin","https://www.linkedin.com/jobs/view/3962791768","","Software Engineer, Internship","Palantir Technologies","New York, NY","","","","","","","","","","","https://www.linkedin.com/company/palantir-technologies","","","","","","","","","",""
"3961904167","linkedin","https://www.linkedin.com/jobs/view/3961904167","","Software Engineer, Frontend","Opal Security","New York, NY","","","","","","","","","","","https://www.linkedin.com/company/opalsecurity","","","","","","","","","",""
"3961809383","linkedin","https://www.linkedin.com/jobs/view/3961809383","","Full Stack Developer I (Rome, New York) - Remote | WFH","Get It Recruit - Information Technology","New York, NY","","","","","","","","","","","https://www.linkedin.com/company/get-it-recruit-information-technology","","","","","","","","","",""
"3964194995","linkedin","https://www.linkedin.com/jobs/view/3964194995","","Junior Python Django Developer","Team Remotely Inc","New York, NY","","","","","","","","","","","https://www.linkedin.com/company/team-remotely-llc","","","","","","","","","",""
"3964195848","linkedin","https://www.linkedin.com/jobs/view/3964195848","","Junior Java AWS Developer","Team Remotely Inc","New York, NY","","","","","","","","","","","https://www.linkedin.com/company/team-remotely-llc","","","","","","","","","",""
"3947096965","linkedin","https://www.linkedin.com/jobs/view/3947096965","","Software Engineer, Backend","Betterment","New York, NY","","","","","","","","","","","https://www.linkedin.com/company/betterment","","","","","","","","","",""
